{
    "center_atom": "N",
    "PATH": "saved_models/energy_model_N.pth",
    "epoch": 100,
    "lr": 0.001,
    "ds_train mean": [
        -0.7250388640656412,
        -1.2561605769235369,
        -1.450328865366154,
        -4.7388461768283686e-05,
        -0.7250402640656414,
        1.2559710230764634,
        0.7252886013005125,
        1.256018411538232,
        1.4505786026010248,
        -9.477692353656968e-05,
        0.7252900013005125,
        -1.256113188461768
    ],
    "ds_train std": [
        0.031276373623481284,
        0.031239953458497127,
        0.020159537117141076,
        0.020192382234453857,
        0.03122787979527263,
        0.031272356291433365,
        0.020152927082737873,
        0.020201997291291303,
        0.031239018167107488,
        0.03133685202345422,
        0.020121420741556578,
        0.02021994261986424
    ],
    "energy offset": 527
}